Order ID,Date,Region,Product Category,Product,Quantity,Sales,Cost,Profit
ORD0001,2024-11-29,West,Groceries,Oil,4,2604.89,1650.58,954.31
ORD0002,2024-02-28,East,Clothing,T-Shirt,10,323.34,182.11,141.23
ORD0003,2024-12-28,East,Groceries,Oil,1,2531.43,1766.19,765.25
ORD0004,2024-01-26,South,Groceries,Pasta,6,3180.02,1887.54,1292.48
ORD0005,2024-11-26,South,Furniture,Wardrobe,3,923.39,674.41,248.98
ORD0006,2024-01-10,South,Groceries,Snacks,3,2086.65,1424.11,662.54
ORD0007,2024-09-18,West,Clothing,T-Shirt,5,2210.69,1799.57,411.12
ORD0008,2024-03-26,North,Groceries,Oil,5,186.58,111.38,75.2
ORD0009,2024-04-13,East,Furniture,Wardrobe,3,418.47,345.76,72.72
ORD0010,2024-11-11,South,Electronics,Laptop,3,2483.52,1810.69,672.83
ORD0011,2024-04-07,East,Clothing,T-Shirt,7,217.42,133.63,83.79
ORD0012,2024-10-07,West,Furniture,Chair,3,74.26,67.22,7.05
ORD0013,2024-02-14,South,Groceries,Pasta,1,1257.25,951.43,305.82
ORD0014,2024-04-13,East,Clothing,T-Shirt,7,467.59,285.41,182.17
ORD0015,2024-07-16,East,Furniture,Table,3,2027.24,1257.84,769.4
ORD0016,2024-10-23,East,Groceries,Pasta,7,182.17,120.69,61.48
ORD0017,2024-09-02,West,Groceries,Snacks,6,940.85,543.76,397.09
ORD0018,2024-12-01,West,Clothing,Jacket,5,1285.16,924.56,360.6
ORD0019,2024-01-04,North,Groceries,Rice,8,2251.51,1400.18,851.33
ORD0020,2024-12-23,East,Clothing,Jacket,8,133.5,91.92,41.58
ORD0021,2024-02-05,North,Clothing,Shoes,5,1261.71,859.37,402.33
ORD0022,2024-02-06,North,Electronics,Camera,7,1324.04,1100.38,223.66
ORD0023,2024-09-07,North,Electronics,Headphones,6,3087.58,1959.32,1128.25
ORD0024,2024-06-30,North,Furniture,Couch,5,2507.7,1504.37,1003.32
ORD0025,2024-02-26,North,Electronics,Camera,4,820.53,685.97,134.56
ORD0026,2024-05-09,North,Groceries,Snacks,5,1237.96,768.75,469.21
ORD0027,2024-02-02,East,Groceries,Pasta,4,1309.91,835.13,474.78
ORD0028,2024-01-30,East,Electronics,Camera,10,2576.83,1613.58,963.25
ORD0029,2024-07-03,West,Electronics,Smartphone,8,1937.59,1497.28,440.32
ORD0030,2024-12-10,South,Groceries,Pasta,1,317.17,202.77,114.4
ORD0031,2024-04-02,North,Electronics,Smartwatch,7,390.83,346.11,44.72
ORD0032,2024-03-08,East,Furniture,Bed,4,1129.8,839.91,289.89
ORD0033,2024-01-12,North,Furniture,Wardrobe,10,1629.9,1426.08,203.81
ORD0034,2024-10-23,North,Clothing,Jeans,9,1023.82,656.61,367.21
ORD0035,2024-11-20,East,Furniture,Wardrobe,4,931.06,550.45,380.61
ORD0036,2024-09-16,North,Clothing,T-Shirt,8,1983.79,1125.25,858.54
ORD0037,2024-01-26,East,Clothing,T-Shirt,4,1000.94,709.72,291.21
ORD0038,2024-09-08,West,Groceries,Snacks,8,203.35,113.49,89.86
ORD0039,2024-04-27,East,Groceries,Oil,4,1803.54,1314.35,489.19
ORD0040,2024-11-15,West,Clothing,T-Shirt,10,1285.52,1089.47,196.04
ORD0041,2024-09-18,West,Furniture,Table,2,1103.85,961.83,142.02
ORD0042,2024-03-07,North,Electronics,Smartphone,3,2390.22,1868.3,521.92
ORD0043,2024-06-07,South,Groceries,Oil,3,1607.13,983.06,624.08
ORD0044,2024-12-25,South,Clothing,Dress,6,1750.29,1164.42,585.87
ORD0045,2024-11-16,North,Furniture,Couch,2,1243.04,730.13,512.91
ORD0046,2024-12-14,West,Furniture,Chair,4,3349.04,1922.45,1426.59
ORD0047,2024-07-30,West,Clothing,T-Shirt,4,2357.81,1892.81,465.0
ORD0048,2024-12-28,East,Furniture,Couch,7,2183.36,1498.04,685.32
ORD0049,2024-01-17,West,Electronics,Camera,7,406.85,299.84,107.01
ORD0050,2024-08-29,South,Groceries,Snacks,9,3017.71,1910.38,1107.33
ORD0051,2024-05-21,West,Furniture,Table,8,1429.7,1030.76,398.95
ORD0052,2024-09-09,South,Electronics,Headphones,2,545.87,465.06,80.8
ORD0053,2024-07-20,East,Furniture,Wardrobe,3,430.91,308.99,121.92
ORD0054,2024-10-11,South,Furniture,Wardrobe,9,1930.97,1477.89,453.08
ORD0055,2024-09-04,West,Clothing,Dress,3,938.2,541.8,396.4
ORD0056,2024-09-12,South,Furniture,Couch,3,1113.7,652.21,461.49
ORD0057,2024-11-26,North,Electronics,Laptop,10,1420.44,833.73,586.71
ORD0058,2024-02-27,West,Electronics,Smartwatch,10,1209.58,1001.93,207.65
ORD0059,2024-08-17,West,Electronics,Camera,4,2376.12,1994.32,381.79
ORD0060,2024-01-24,West,Groceries,Milk,5,1345.3,1096.78,248.52
ORD0061,2024-02-21,South,Furniture,Couch,7,2156.31,1607.05,549.26
ORD0062,2024-04-30,North,Groceries,Oil,3,2245.64,1347.37,898.26
ORD0063,2024-03-14,West,Furniture,Bed,6,99.42,56.56,42.86
ORD0064,2024-06-30,North,Clothing,Jeans,6,835.55,680.18,155.37
ORD0065,2024-12-12,South,Electronics,Laptop,3,1697.61,1184.62,512.99
ORD0066,2024-08-20,South,Groceries,Milk,1,2655.55,1656.14,999.41
ORD0067,2024-01-16,South,Groceries,Oil,10,2908.68,1691.96,1216.72
ORD0068,2024-01-06,North,Furniture,Table,1,613.71,419.33,194.37
ORD0069,2024-06-22,West,Furniture,Chair,6,1347.46,1018.24,329.22
ORD0070,2024-08-06,South,Electronics,Smartphone,5,2053.57,1517.7,535.87
ORD0071,2024-10-29,West,Furniture,Table,3,827.27,680.09,147.18
ORD0072,2024-05-19,East,Furniture,Bed,3,222.05,152.73,69.32
ORD0073,2024-06-29,South,Groceries,Rice,8,1340.06,879.24,460.82
ORD0074,2024-10-17,East,Furniture,Couch,7,1941.89,1347.04,594.85
ORD0075,2024-11-06,North,Groceries,Pasta,5,2841.3,1986.86,854.43
ORD0076,2024-07-01,West,Electronics,Camera,6,516.4,365.15,151.24
ORD0077,2024-11-15,South,Electronics,Headphones,5,668.28,594.57,73.71
ORD0078,2024-08-16,East,Groceries,Milk,10,845.39,669.85,175.54
ORD0079,2024-07-24,West,Clothing,Jeans,2,1045.86,817.27,228.59
ORD0080,2024-04-08,West,Furniture,Wardrobe,3,1921.72,1524.5,397.22
ORD0081,2024-05-08,North,Clothing,Dress,5,249.83,213.52,36.31
ORD0082,2024-03-17,East,Furniture,Table,9,371.41,321.02,50.39
ORD0083,2024-08-10,South,Groceries,Oil,4,1676.77,1518.16,158.62
ORD0084,2024-02-26,East,Electronics,Laptop,7,254.02,158.63,95.39
ORD0085,2024-07-04,North,Electronics,Headphones,10,1609.27,1012.17,597.1
ORD0086,2024-01-03,East,Groceries,Snacks,9,839.55,486.13,353.42
ORD0087,2024-09-30,West,Groceries,Milk,7,2055.78,1330.35,725.44
ORD0088,2024-06-20,South,Electronics,Headphones,2,2771.17,1769.15,1002.02
ORD0089,2024-10-13,South,Furniture,Bed,8,318.43,183.18,135.25
ORD0090,2024-01-17,West,Clothing,Shoes,8,2812.01,1644.79,1167.22
ORD0091,2024-05-24,South,Electronics,Camera,8,911.63,698.93,212.71
ORD0092,2024-09-21,South,Furniture,Table,6,1001.64,674.76,326.88
ORD0093,2024-08-13,West,Electronics,Smartphone,1,2077.82,1628.05,449.77
ORD0094,2024-09-24,West,Electronics,Headphones,4,2092.47,1315.87,776.61
ORD0095,2024-09-01,North,Furniture,Chair,9,1710.89,1305.41,405.48
ORD0096,2024-11-04,North,Furniture,Wardrobe,7,360.32,217.02,143.3
ORD0097,2024-09-01,East,Electronics,Smartphone,6,2988.75,1674.81,1313.94
ORD0098,2024-08-25,East,Electronics,Laptop,8,2333.11,1692.49,640.63
ORD0099,2024-07-14,East,Groceries,Milk,10,2069.17,1301.06,768.11
ORD0100,2024-12-15,West,Electronics,Laptop,5,1416.85,1126.21,290.64
ORD0101,2024-09-25,South,Electronics,Headphones,4,1837.36,1176.62,660.74
ORD0102,2024-06-24,South,Clothing,T-Shirt,2,1136.15,779.84,356.31
ORD0103,2024-01-27,South,Electronics,Camera,7,1643.6,1227.36,416.24
ORD0104,2024-06-05,West,Electronics,Laptop,3,2516.66,1863.61,653.05
ORD0105,2024-06-12,North,Groceries,Pasta,9,540.94,381.83,159.11
ORD0106,2024-05-08,South,Furniture,Bed,2,2658.01,1689.24,968.77
ORD0107,2024-01-17,North,Furniture,Bed,5,1607.52,1402.07,205.45
ORD0108,2024-03-05,West,Clothing,Shoes,9,577.99,332.93,245.06
ORD0109,2024-01-17,North,Electronics,Laptop,10,1958.12,1728.28,229.84
ORD0110,2024-10-08,South,Electronics,Smartphone,10,2744.61,1989.79,754.82
ORD0111,2024-02-09,East,Groceries,Milk,2,2855.03,1888.82,966.22
ORD0112,2024-02-29,South,Electronics,Smartphone,5,991.34,587.89,403.46
ORD0113,2024-12-10,North,Electronics,Camera,9,1986.67,1716.47,270.2
ORD0114,2024-03-20,North,Furniture,Bed,3,685.96,411.74,274.21
ORD0115,2024-03-19,North,Groceries,Snacks,8,1023.22,908.72,114.5
ORD0116,2024-09-10,South,Furniture,Wardrobe,3,113.09,87.61,25.48
ORD0117,2024-08-28,East,Furniture,Chair,10,2386.46,1439.07,947.39
ORD0118,2024-10-16,East,Furniture,Table,2,2107.91,1428.12,679.79
ORD0119,2024-02-12,East,Groceries,Milk,4,2660.35,1776.85,883.5
ORD0120,2024-09-23,West,Furniture,Bed,1,1536.38,1057.25,479.14
ORD0121,2024-05-13,North,Electronics,Camera,6,2801.65,1688.64,1113.0
ORD0122,2024-02-16,East,Clothing,Shoes,5,2838.69,1887.61,951.08
ORD0123,2024-05-30,South,Electronics,Camera,10,537.12,378.26,158.86
ORD0124,2024-08-03,West,Groceries,Oil,6,663.94,390.48,273.46
ORD0125,2024-12-06,East,Groceries,Pasta,7,928.53,808.79,119.74
ORD0126,2024-06-26,West,Groceries,Snacks,2,1782.41,1543.07,239.34
ORD0127,2024-10-10,East,Electronics,Smartphone,9,2688.61,1638.94,1049.67
ORD0128,2024-10-24,South,Electronics,Laptop,1,2194.34,1626.88,567.46
ORD0129,2024-12-12,South,Clothing,Dress,4,2146.15,1469.07,677.08
ORD0130,2024-02-28,West,Groceries,Pasta,1,1725.25,1048.39,676.86
ORD0131,2024-05-27,South,Clothing,Shoes,8,1984.32,1217.77,766.55
ORD0132,2024-09-19,South,Furniture,Bed,2,631.85,567.07,64.78
ORD0133,2024-06-05,West,Furniture,Table,3,2908.26,1649.52,1258.74
ORD0134,2024-09-09,South,Clothing,Jacket,3,2845.66,1773.81,1071.85
ORD0135,2024-11-14,West,Groceries,Milk,9,2316.25,1637.61,678.63
ORD0136,2024-02-03,West,Furniture,Wardrobe,10,683.18,389.24,293.94
ORD0137,2024-10-29,North,Groceries,Rice,5,503.73,359.04,144.69
ORD0138,2024-05-08,North,Furniture,Couch,5,1658.27,939.67,718.6
ORD0139,2024-03-14,South,Clothing,Jeans,6,2081.98,1514.95,567.03
ORD0140,2024-10-12,West,Electronics,Smartphone,4,2150.76,1941.08,209.68
ORD0141,2024-10-26,West,Groceries,Oil,1,1144.07,820.73,323.34
ORD0142,2024-08-29,West,Electronics,Laptop,9,2908.89,1942.4,966.49
ORD0143,2024-03-25,West,Clothing,T-Shirt,4,1284.5,1055.72,228.78
ORD0144,2024-12-07,North,Furniture,Chair,8,2306.96,1533.32,773.64
ORD0145,2024-09-22,North,Electronics,Laptop,2,966.27,657.48,308.79
ORD0146,2024-09-01,South,Clothing,Jacket,5,995.65,848.26,147.4
ORD0147,2024-05-02,North,Electronics,Smartphone,1,855.93,668.58,187.35
ORD0148,2024-02-16,East,Electronics,Laptop,8,1488.81,1053.25,435.55
ORD0149,2024-06-16,East,Clothing,T-Shirt,2,126.11,77.93,48.18
ORD0150,2024-02-24,East,Furniture,Table,3,1949.94,1581.21,368.74
ORD0151,2024-02-10,South,Furniture,Bed,4,335.37,200.99,134.38
ORD0152,2024-05-17,South,Groceries,Rice,2,2630.16,1538.97,1091.2
ORD0153,2024-03-29,South,Clothing,Jeans,5,1061.66,684.9,376.76
ORD0154,2024-03-22,West,Electronics,Laptop,9,2374.32,1518.47,855.85
ORD0155,2024-01-05,East,Clothing,Dress,2,3220.72,1803.41,1417.31
ORD0156,2024-09-03,North,Electronics,Headphones,4,531.29,448.06,83.23
ORD0157,2024-11-04,North,Groceries,Oil,4,408.0,331.31,76.7
ORD0158,2024-09-12,North,Clothing,Jacket,6,666.35,415.02,251.33
ORD0159,2024-11-06,West,Furniture,Chair,6,2675.08,1865.32,809.77
ORD0160,2024-02-27,West,Clothing,Jacket,7,369.66,266.45,103.22
ORD0161,2024-10-03,West,Furniture,Table,4,369.3,216.85,152.45
ORD0162,2024-01-21,West,Groceries,Rice,1,2187.59,1423.02,764.57
ORD0163,2024-12-18,North,Clothing,T-Shirt,10,2252.43,1444.24,808.2
ORD0164,2024-08-07,West,Furniture,Couch,3,1633.29,974.93,658.35
ORD0165,2024-05-16,South,Groceries,Rice,9,1741.49,1060.76,680.74
ORD0166,2024-05-10,West,Clothing,Dress,10,1097.57,640.82,456.75
ORD0167,2024-07-08,South,Clothing,Dress,3,1468.73,1049.59,419.13
ORD0168,2024-11-25,East,Electronics,Laptop,1,1874.03,1289.53,584.5
ORD0169,2024-03-13,East,Groceries,Oil,9,1084.78,839.33,245.45
ORD0170,2024-10-04,East,Clothing,Dress,8,3348.2,1967.52,1380.69
ORD0171,2024-02-02,South,Furniture,Wardrobe,9,1485.63,854.89,630.74
ORD0172,2024-09-13,South,Furniture,Table,10,2954.57,1916.26,1038.31
ORD0173,2024-02-13,West,Electronics,Smartwatch,7,204.87,117.54,87.33
ORD0174,2024-09-30,North,Clothing,Shoes,3,580.17,381.53,198.65
ORD0175,2024-09-19,North,Clothing,T-Shirt,9,89.47,72.96,16.51
ORD0176,2024-02-25,North,Clothing,T-Shirt,9,788.24,487.26,300.98
ORD0177,2024-02-24,North,Electronics,Smartwatch,6,2490.01,1520.76,969.25
ORD0178,2024-11-07,East,Clothing,Jacket,3,819.85,612.96,206.89
ORD0179,2024-01-26,West,Clothing,Shoes,10,1076.2,794.7,281.5
ORD0180,2024-05-03,North,Clothing,T-Shirt,4,353.53,199.71,153.82
ORD0181,2024-01-30,East,Groceries,Rice,7,1180.9,773.38,407.52
ORD0182,2024-10-16,East,Furniture,Table,4,1748.51,996.55,751.96
ORD0183,2024-05-23,West,Furniture,Bed,1,142.22,87.0,55.22
ORD0184,2024-08-17,South,Electronics,Camera,8,1568.54,945.98,622.56
ORD0185,2024-02-24,North,Furniture,Table,5,2731.03,1690.06,1040.98
ORD0186,2024-07-17,West,Electronics,Headphones,2,246.62,198.01,48.62
ORD0187,2024-01-05,South,Clothing,Dress,8,1347.08,764.19,582.88
ORD0188,2024-07-14,South,Electronics,Camera,6,2658.24,1738.74,919.5
ORD0189,2024-05-22,West,Electronics,Smartphone,5,468.82,345.71,123.11
ORD0190,2024-03-03,North,Electronics,Camera,3,683.96,557.11,126.84
ORD0191,2024-08-28,North,Furniture,Couch,1,1852.47,1639.43,213.05
ORD0192,2024-06-02,South,Clothing,Jeans,1,1737.03,966.94,770.09
ORD0193,2024-03-25,South,Clothing,Jeans,10,2747.47,1671.6,1075.86
ORD0194,2024-07-29,East,Groceries,Oil,3,2183.8,1981.51,202.3
ORD0195,2024-04-18,South,Electronics,Laptop,9,2795.6,1952.49,843.11
ORD0196,2024-04-04,West,Electronics,Headphones,4,151.39,134.05,17.33
ORD0197,2024-08-16,East,Groceries,Milk,3,1223.88,857.56,366.33
ORD0198,2024-01-30,North,Electronics,Smartphone,6,1544.18,1345.55,198.63
ORD0199,2024-06-28,East,Furniture,Table,9,2200.21,1831.12,369.09
ORD0200,2024-10-17,North,Furniture,Wardrobe,10,708.16,476.43,231.73
ORD0201,2024-11-19,West,Clothing,T-Shirt,2,2282.75,1807.25,475.5
ORD0202,2024-12-05,South,Electronics,Laptop,2,922.48,519.12,403.35
ORD0203,2024-06-18,South,Groceries,Pasta,4,2521.57,1727.46,794.12
ORD0204,2024-07-16,North,Furniture,Chair,5,1776.24,1490.14,286.1
ORD0205,2024-05-08,North,Clothing,Jeans,6,2196.32,1454.48,741.85
ORD0206,2024-08-13,East,Clothing,T-Shirt,1,676.22,464.08,212.14
ORD0207,2024-05-06,South,Clothing,T-Shirt,4,2350.25,1543.46,806.79
ORD0208,2024-03-10,East,Furniture,Wardrobe,6,503.63,288.54,215.09
ORD0209,2024-09-28,West,Groceries,Rice,5,805.28,670.17,135.11
ORD0210,2024-07-04,West,Electronics,Camera,2,221.53,190.47,31.06
ORD0211,2024-01-03,North,Clothing,T-Shirt,9,2445.1,1573.71,871.39
ORD0212,2024-09-19,East,Groceries,Oil,10,1657.66,1437.75,219.91
ORD0213,2024-03-19,North,Electronics,Camera,5,2663.33,1974.2,689.13
ORD0214,2024-03-22,East,Electronics,Smartwatch,9,1205.54,928.31,277.22
ORD0215,2024-03-24,East,Electronics,Smartphone,2,448.4,284.68,163.72
ORD0216,2024-02-16,South,Furniture,Wardrobe,1,866.32,740.42,125.9
ORD0217,2024-03-14,West,Groceries,Oil,6,1197.88,1010.87,187.01
ORD0218,2024-06-20,North,Clothing,Shoes,10,473.0,268.74,204.26
ORD0219,2024-08-06,East,Clothing,Shoes,2,2380.06,1526.99,853.07
ORD0220,2024-08-01,South,Furniture,Table,6,2038.11,1606.59,431.52
ORD0221,2024-01-30,West,Electronics,Laptop,10,598.65,421.05,177.6
ORD0222,2024-08-14,East,Furniture,Wardrobe,7,632.22,453.22,179.0
ORD0223,2024-02-28,East,Clothing,T-Shirt,6,2566.66,1976.47,590.19
ORD0224,2024-01-02,East,Furniture,Table,4,449.37,342.82,106.55
ORD0225,2024-07-05,South,Furniture,Bed,5,1610.45,1277.04,333.42
ORD0226,2024-12-21,North,Groceries,Rice,10,1430.69,978.07,452.62
ORD0227,2024-10-09,East,Clothing,T-Shirt,8,2284.85,1295.67,989.18
ORD0228,2024-02-05,South,Electronics,Smartwatch,2,875.35,768.9,106.45
ORD0229,2024-01-06,East,Groceries,Oil,9,1849.49,1367.07,482.42
ORD0230,2024-01-09,West,Clothing,T-Shirt,4,1012.55,767.14,245.41
ORD0231,2024-03-29,East,Electronics,Headphones,9,1164.33,988.87,175.46
ORD0232,2024-07-21,North,Clothing,Jacket,4,3355.51,1972.87,1382.64
ORD0233,2024-09-19,South,Furniture,Table,3,1003.07,560.21,442.86
ORD0234,2024-03-25,West,Furniture,Couch,5,1033.46,721.27,312.19
ORD0235,2024-02-28,East,Groceries,Rice,9,2226.54,1336.7,889.85
ORD0236,2024-10-20,North,Electronics,Laptop,10,2210.43,1571.4,639.03
ORD0237,2024-11-10,South,Electronics,Headphones,8,1331.88,1151.39,180.49
ORD0238,2024-02-06,East,Groceries,Snacks,6,1971.53,1130.02,841.51
ORD0239,2024-12-22,South,Electronics,Laptop,8,2043.58,1349.68,693.9
ORD0240,2024-09-21,North,Electronics,Smartphone,1,954.46,587.96,366.5
ORD0241,2024-09-28,West,Clothing,Jeans,2,3377.89,1929.28,1448.61
ORD0242,2024-01-04,West,Electronics,Headphones,10,2460.44,1431.68,1028.77
ORD0243,2024-07-13,East,Clothing,Jacket,3,1370.21,1070.11,300.1
ORD0244,2024-11-05,South,Groceries,Milk,6,830.0,531.09,298.91
ORD0245,2024-03-06,West,Groceries,Milk,10,888.98,586.04,302.94
ORD0246,2024-12-04,West,Clothing,Shoes,6,1319.35,757.06,562.29
ORD0247,2024-02-03,West,Groceries,Milk,9,2418.8,1861.1,557.71
ORD0248,2024-07-26,North,Groceries,Snacks,8,443.52,396.16,47.37
ORD0249,2024-06-04,West,Clothing,Jacket,9,1946.82,1181.39,765.42
ORD0250,2024-05-13,East,Clothing,Jeans,6,1512.17,1362.2,149.97
ORD0251,2024-08-17,West,Groceries,Pasta,8,1600.76,1392.97,207.79
ORD0252,2024-07-04,North,Clothing,Jeans,7,2057.22,1303.25,753.97
ORD0253,2024-07-21,West,Groceries,Oil,5,528.78,350.93,177.85
ORD0254,2024-11-25,East,Clothing,Dress,4,386.8,232.7,154.1
ORD0255,2024-10-04,South,Clothing,Jeans,2,2964.2,1731.53,1232.67
ORD0256,2024-08-16,North,Furniture,Wardrobe,3,1825.15,1470.03,355.12
ORD0257,2024-12-30,West,Electronics,Camera,3,3049.46,1726.56,1322.9
ORD0258,2024-08-26,South,Clothing,Dress,7,2735.78,1671.92,1063.86
ORD0259,2024-04-08,East,Clothing,Dress,4,3068.48,1765.14,1303.34
ORD0260,2024-03-30,West,Furniture,Table,4,1212.49,915.03,297.46
ORD0261,2024-07-08,South,Furniture,Couch,7,2733.01,1914.88,818.12
ORD0262,2024-10-14,North,Clothing,Dress,7,2655.17,1984.96,670.21
ORD0263,2024-04-21,West,Furniture,Bed,7,2289.45,1776.59,512.86
ORD0264,2024-11-25,East,Clothing,Shoes,5,976.23,813.52,162.71
ORD0265,2024-01-14,East,Clothing,Dress,3,669.51,432.89,236.62
ORD0266,2024-06-21,East,Furniture,Couch,10,3191.41,1988.72,1202.69
ORD0267,2024-02-24,East,Groceries,Pasta,2,433.12,285.23,147.88
ORD0268,2024-08-14,South,Groceries,Oil,6,2701.49,1589.41,1112.08
ORD0269,2024-10-02,North,Furniture,Wardrobe,4,838.4,748.87,89.53
ORD0270,2024-06-10,South,Clothing,Shoes,1,1986.97,1371.83,615.14
ORD0271,2024-12-02,South,Furniture,Table,7,882.67,541.56,341.11
ORD0272,2024-08-19,East,Groceries,Pasta,10,3091.62,1724.89,1366.73
ORD0273,2024-02-01,South,Clothing,Jeans,7,1667.35,1124.73,542.62
ORD0274,2024-05-13,East,Electronics,Laptop,7,1194.84,779.48,415.36
ORD0275,2024-01-19,East,Groceries,Rice,6,642.55,406.7,235.85
ORD0276,2024-08-10,East,Furniture,Bed,3,105.34,92.71,12.63
ORD0277,2024-11-05,East,Electronics,Smartphone,3,963.98,819.38,144.6
ORD0278,2024-11-14,North,Furniture,Chair,5,1720.79,959.77,761.03
ORD0279,2024-11-02,South,Furniture,Couch,6,1253.59,859.73,393.86
ORD0280,2024-09-08,South,Furniture,Wardrobe,8,1946.96,1511.17,435.79
ORD0281,2024-03-19,West,Furniture,Table,7,2229.25,1616.47,612.78
ORD0282,2024-09-10,West,Groceries,Rice,2,2361.52,1443.61,917.91
ORD0283,2024-09-10,South,Electronics,Smartwatch,1,815.86,664.54,151.32
ORD0284,2024-06-19,East,Clothing,Shoes,4,2130.93,1584.04,546.89
ORD0285,2024-02-27,West,Furniture,Bed,5,740.82,642.89,97.93
ORD0286,2024-02-07,East,Groceries,Oil,1,1433.67,910.96,522.71
ORD0287,2024-07-07,West,Clothing,Jacket,3,2477.17,1605.12,872.05
ORD0288,2024-09-26,South,Groceries,Rice,3,629.37,451.59,177.78
ORD0289,2024-12-30,North,Electronics,Laptop,5,526.96,435.04,91.91
ORD0290,2024-02-16,South,Electronics,Laptop,7,2288.49,1870.22,418.28
ORD0291,2024-08-30,North,Electronics,Smartphone,9,2525.5,1949.74,575.76
ORD0292,2024-04-16,East,Groceries,Milk,2,452.48,323.48,129.0
ORD0293,2024-10-14,North,Clothing,Dress,6,1693.84,1404.59,289.25
ORD0294,2024-02-02,East,Clothing,Jeans,7,2028.95,1231.79,797.16
ORD0295,2024-06-06,South,Groceries,Milk,3,200.53,178.57,21.96
ORD0296,2024-11-27,North,Furniture,Wardrobe,1,231.36,165.7,65.66
ORD0297,2024-03-03,West,Electronics,Smartwatch,4,2393.32,1602.57,790.75
ORD0298,2024-11-28,South,Furniture,Couch,1,2341.11,1636.03,705.08
ORD0299,2024-07-19,West,Furniture,Wardrobe,7,1464.13,1323.37,140.76
ORD0300,2024-05-17,East,Furniture,Chair,7,1124.72,694.46,430.26
ORD0301,2024-10-13,South,Clothing,Jeans,1,1475.01,985.73,489.28
ORD0302,2024-06-08,West,Electronics,Smartphone,10,969.21,579.6,389.61
ORD0303,2024-03-30,East,Clothing,Dress,8,2938.94,1895.67,1043.27
ORD0304,2024-03-25,South,Furniture,Wardrobe,5,1476.76,1108.4,368.36
ORD0305,2024-05-29,North,Clothing,T-Shirt,9,2761.44,1606.01,1155.42
ORD0306,2024-03-10,East,Electronics,Smartphone,3,426.57,373.26,53.31
ORD0307,2024-09-05,South,Electronics,Laptop,10,1685.97,1305.88,380.09
ORD0308,2024-10-18,North,Clothing,T-Shirt,3,107.12,82.65,24.47
ORD0309,2024-07-09,South,Furniture,Couch,3,1877.44,1547.09,330.34
ORD0310,2024-12-15,East,Furniture,Couch,5,3460.6,1980.59,1480.01
ORD0311,2024-03-27,East,Furniture,Chair,9,487.8,404.17,83.63
ORD0312,2024-08-25,North,Furniture,Table,6,1205.12,804.2,400.92
ORD0313,2024-01-06,North,Clothing,Jeans,4,279.5,176.24,103.26
ORD0314,2024-02-11,East,Groceries,Pasta,7,2033.77,1378.4,655.37
ORD0315,2024-12-25,South,Clothing,Jacket,2,255.91,174.12,81.8
ORD0316,2024-11-09,North,Clothing,Jeans,9,1947.39,1150.81,796.58
ORD0317,2024-01-24,South,Clothing,Jeans,2,1895.61,1238.31,657.3
ORD0318,2024-10-03,West,Groceries,Snacks,4,2069.88,1472.82,597.06
ORD0319,2024-12-12,East,Electronics,Smartwatch,4,396.16,343.06,53.1
ORD0320,2024-03-26,South,Furniture,Wardrobe,5,1643.54,1276.07,367.47
ORD0321,2024-07-06,North,Electronics,Laptop,4,2728.47,1567.22,1161.25
ORD0322,2024-11-27,East,Furniture,Couch,10,2178.52,1348.57,829.95
ORD0323,2024-07-17,South,Electronics,Headphones,9,804.51,730.41,74.1
ORD0324,2024-03-07,East,Electronics,Smartphone,9,1581.16,1385.79,195.37
ORD0325,2024-12-20,East,Groceries,Milk,3,1812.3,1416.41,395.89
ORD0326,2024-06-10,East,Groceries,Oil,7,854.62,488.04,366.58
ORD0327,2024-06-01,West,Clothing,Jeans,1,2179.51,1446.7,732.81
ORD0328,2024-04-22,East,Furniture,Wardrobe,9,2357.36,1531.21,826.15
ORD0329,2024-07-31,North,Groceries,Oil,8,1362.72,871.48,491.24
ORD0330,2024-05-10,East,Electronics,Camera,2,163.14,114.27,48.86
ORD0331,2024-04-02,South,Clothing,Jeans,10,563.52,481.77,81.75
ORD0332,2024-09-03,West,Clothing,Dress,7,1736.41,1361.21,375.2
ORD0333,2024-06-01,North,Electronics,Laptop,1,2535.24,1837.71,697.53
ORD0334,2024-07-30,South,Groceries,Snacks,3,117.12,70.1,47.02
ORD0335,2024-07-09,North,Electronics,Smartwatch,3,2315.65,1461.69,853.96
ORD0336,2024-07-01,North,Clothing,T-Shirt,3,850.14,484.97,365.17
ORD0337,2024-08-07,East,Electronics,Smartphone,2,2268.25,1719.8,548.45
ORD0338,2024-03-15,West,Electronics,Smartphone,3,812.41,593.07,219.34
ORD0339,2024-06-09,West,Clothing,T-Shirt,4,2456.84,1486.96,969.88
ORD0340,2024-06-11,West,Furniture,Bed,3,875.15,664.48,210.67
ORD0341,2024-05-09,West,Groceries,Snacks,2,750.11,642.27,107.84
ORD0342,2024-04-06,North,Clothing,Jacket,1,712.42,456.39,256.03
ORD0343,2024-04-25,South,Electronics,Smartwatch,2,2455.31,1509.01,946.3
ORD0344,2024-08-31,South,Electronics,Smartwatch,2,1038.14,627.8,410.33
ORD0345,2024-03-02,South,Clothing,Jeans,6,1623.27,928.92,694.35
ORD0346,2024-04-23,South,Clothing,Shoes,1,1953.32,1312.46,640.86
ORD0347,2024-01-28,West,Electronics,Laptop,6,413.18,269.89,143.29
ORD0348,2024-03-20,East,Clothing,Shoes,6,1065.45,875.64,189.8
ORD0349,2024-06-07,East,Electronics,Smartphone,9,2554.05,1749.23,804.82
ORD0350,2024-12-02,East,Groceries,Milk,5,2013.26,1176.88,836.38
ORD0351,2024-12-30,North,Groceries,Rice,7,1713.9,965.45,748.45
ORD0352,2024-02-20,North,Clothing,Shoes,1,1365.5,1209.44,156.06
ORD0353,2024-05-15,North,Clothing,Dress,10,2531.89,1782.24,749.65
ORD0354,2024-09-10,North,Groceries,Snacks,2,397.62,264.25,133.37
ORD0355,2024-08-05,West,Electronics,Laptop,9,857.6,764.45,93.15
ORD0356,2024-09-21,West,Clothing,Jacket,3,482.35,373.71,108.63
ORD0357,2024-05-09,North,Electronics,Camera,9,836.23,670.61,165.63
ORD0358,2024-01-27,South,Clothing,Shoes,3,888.65,568.14,320.52
ORD0359,2024-03-14,South,Furniture,Couch,3,3083.51,1734.24,1349.27
ORD0360,2024-08-04,East,Electronics,Camera,1,859.3,571.38,287.92
ORD0361,2024-07-12,East,Electronics,Smartwatch,3,2024.87,1158.06,866.81
ORD0362,2024-07-11,North,Electronics,Smartphone,9,431.84,297.67,134.17
ORD0363,2024-12-02,North,Electronics,Headphones,8,1111.62,939.52,172.11
ORD0364,2024-12-01,East,Groceries,Snacks,10,1309.44,1169.04,140.4
ORD0365,2024-05-16,West,Electronics,Smartwatch,8,2679.69,1798.17,881.52
ORD0366,2024-03-03,East,Clothing,Shoes,1,1843.67,1160.7,682.96
ORD0367,2024-01-14,South,Groceries,Rice,2,2615.81,1586.99,1028.82
ORD0368,2024-04-06,South,Groceries,Milk,1,789.57,659.75,129.82
ORD0369,2024-10-04,North,Furniture,Bed,4,2705.75,1625.97,1079.78
ORD0370,2024-06-10,North,Electronics,Laptop,3,2157.08,1409.82,747.26
ORD0371,2024-06-17,West,Groceries,Snacks,3,1692.04,1451.47,240.57
ORD0372,2024-04-16,South,Groceries,Snacks,2,2234.03,1243.91,990.12
ORD0373,2024-10-02,West,Electronics,Laptop,4,676.45,404.85,271.59
ORD0374,2024-06-07,South,Groceries,Milk,2,865.31,536.54,328.77
ORD0375,2024-09-15,West,Electronics,Headphones,8,1977.59,1340.19,637.4
ORD0376,2024-10-04,West,Groceries,Milk,7,2361.99,1425.95,936.04
ORD0377,2024-10-05,South,Furniture,Chair,3,201.24,123.83,77.42
ORD0378,2024-03-09,North,Furniture,Couch,10,1934.15,1332.35,601.81
ORD0379,2024-02-19,South,Furniture,Bed,5,564.93,372.03,192.9
ORD0380,2024-02-11,East,Groceries,Pasta,3,1142.62,823.61,319.01
ORD0381,2024-09-17,North,Clothing,Jeans,5,1971.83,1177.12,794.71
ORD0382,2024-03-24,East,Clothing,Jacket,7,656.26,561.59,94.67
ORD0383,2024-12-16,East,Clothing,Jeans,9,2192.32,1662.57,529.75
ORD0384,2024-12-13,West,Electronics,Smartwatch,7,2419.83,1962.38,457.46
ORD0385,2024-12-05,West,Groceries,Snacks,7,1656.66,1062.26,594.4
ORD0386,2024-07-30,North,Furniture,Wardrobe,7,285.89,189.95,95.94
ORD0387,2024-07-14,South,Furniture,Bed,4,1439.22,858.56,580.66
ORD0388,2024-08-05,East,Furniture,Bed,2,2001.76,1163.11,838.65
ORD0389,2024-01-18,South,Groceries,Rice,10,1391.31,791.06,600.25
ORD0390,2024-04-22,West,Clothing,Dress,6,2875.96,1651.43,1224.53
ORD0391,2024-05-18,West,Groceries,Oil,2,369.66,277.15,92.51
ORD0392,2024-02-07,West,Furniture,Table,6,1636.22,1187.59,448.63
ORD0393,2024-01-28,West,Electronics,Headphones,5,2373.37,1360.99,1012.38
ORD0394,2024-12-25,North,Furniture,Chair,5,1660.03,1214.15,445.88
ORD0395,2024-01-12,West,Clothing,Shoes,2,94.45,75.81,18.64
ORD0396,2024-06-25,North,Groceries,Oil,5,1224.61,893.75,330.86
ORD0397,2024-08-28,South,Electronics,Smartwatch,9,1142.41,922.44,219.97
ORD0398,2024-04-24,South,Clothing,T-Shirt,10,646.14,526.08,120.06
ORD0399,2024-10-26,East,Groceries,Oil,6,882.87,671.8,211.07
ORD0400,2024-11-08,North,Electronics,Headphones,8,2689.82,1747.66,942.16
ORD0401,2024-08-26,East,Electronics,Laptop,1,1712.79,1194.39,518.41
ORD0402,2024-11-30,South,Furniture,Table,6,1426.22,908.67,517.56
ORD0403,2024-04-21,East,Clothing,Shoes,5,2510.06,1879.98,630.08
ORD0404,2024-10-25,North,Groceries,Rice,9,602.6,477.07,125.54
ORD0405,2024-02-26,South,Furniture,Bed,8,1380.42,821.64,558.78
ORD0406,2024-07-19,West,Clothing,T-Shirt,9,3042.23,1770.24,1271.99
ORD0407,2024-05-09,East,Groceries,Oil,10,2694.46,1522.95,1171.5
ORD0408,2024-09-20,North,Groceries,Oil,3,747.84,662.53,85.31
ORD0409,2024-03-18,East,Clothing,Jacket,7,720.39,631.56,88.83
ORD0410,2024-07-04,West,Electronics,Smartphone,2,1195.04,759.61,435.42
ORD0411,2024-09-08,North,Groceries,Rice,2,1651.41,931.84,719.56
ORD0412,2024-11-13,South,Groceries,Milk,10,2031.51,1448.97,582.54
ORD0413,2024-06-26,West,Clothing,T-Shirt,6,2917.28,1806.82,1110.47
ORD0414,2024-06-07,North,Clothing,Dress,6,2306.84,1634.27,672.57
ORD0415,2024-06-30,North,Clothing,Jacket,10,1266.47,930.61,335.87
ORD0416,2024-12-28,North,Furniture,Bed,2,1773.04,1259.74,513.3
ORD0417,2024-01-22,West,Clothing,Dress,7,641.68,558.85,82.82
ORD0418,2024-12-03,South,Furniture,Table,1,1576.5,947.92,628.58
ORD0419,2024-08-24,East,Furniture,Chair,4,286.95,162.94,124.0
ORD0420,2024-10-06,West,Electronics,Smartwatch,8,1709.62,1059.06,650.57
ORD0421,2024-01-05,North,Clothing,Jacket,3,2752.49,1584.58,1167.92
ORD0422,2024-12-26,South,Clothing,Dress,9,617.5,512.87,104.63
ORD0423,2024-10-13,North,Furniture,Table,5,2685.72,1726.82,958.9
ORD0424,2024-03-04,East,Electronics,Headphones,7,845.81,620.22,225.59
ORD0425,2024-09-05,East,Clothing,Jeans,2,776.3,455.5,320.8
ORD0426,2024-11-01,South,Furniture,Couch,2,1560.42,911.96,648.46
ORD0427,2024-03-03,East,Clothing,Jacket,10,389.13,259.11,130.03
ORD0428,2024-09-07,North,Groceries,Oil,4,2692.61,1836.78,855.82
ORD0429,2024-07-16,West,Groceries,Oil,3,997.76,836.84,160.92
ORD0430,2024-02-04,East,Groceries,Oil,7,1930.81,1167.12,763.68
ORD0431,2024-07-02,West,Groceries,Oil,8,1075.2,938.37,136.82
ORD0432,2024-05-13,North,Groceries,Oil,5,142.18,110.02,32.17
ORD0433,2024-08-25,West,Furniture,Chair,9,1880.55,1645.22,235.33
ORD0434,2024-07-20,North,Groceries,Snacks,6,2588.85,1663.18,925.67
ORD0435,2024-10-26,South,Furniture,Table,8,1217.84,914.41,303.44
ORD0436,2024-09-21,East,Groceries,Rice,8,1064.85,696.91,367.94
ORD0437,2024-05-20,East,Groceries,Snacks,10,763.49,606.44,157.06
ORD0438,2024-11-08,North,Electronics,Smartwatch,2,530.69,319.21,211.48
ORD0439,2024-01-03,West,Electronics,Camera,10,170.35,140.57,29.78
ORD0440,2024-06-29,North,Clothing,Jeans,1,1511.78,1285.88,225.9
ORD0441,2024-04-29,East,Electronics,Camera,5,2309.33,1310.69,998.64
ORD0442,2024-12-05,South,Furniture,Couch,1,2551.63,1611.62,940.01
ORD0443,2024-12-26,North,Furniture,Chair,10,2080.76,1581.91,498.84
ORD0444,2024-01-30,South,Clothing,T-Shirt,10,2849.69,1894.39,955.3
ORD0445,2024-07-10,South,Furniture,Bed,9,1834.91,1212.24,622.67
ORD0446,2024-01-01,East,Electronics,Laptop,2,2389.01,1982.91,406.1
ORD0447,2024-01-18,North,Groceries,Rice,10,165.65,139.08,26.56
ORD0448,2024-01-01,North,Groceries,Pasta,9,1549.32,972.97,576.35
ORD0449,2024-06-25,South,Groceries,Milk,3,1033.54,896.82,136.72
ORD0450,2024-05-13,South,Furniture,Bed,3,1518.53,1118.22,400.31
ORD0451,2024-01-19,North,Furniture,Bed,8,996.17,677.11,319.06
ORD0452,2024-04-08,East,Clothing,Jeans,8,985.18,653.22,331.97
ORD0453,2024-05-31,East,Clothing,Dress,3,436.72,253.8,182.92
ORD0454,2024-05-26,South,Groceries,Milk,1,1438.54,1026.24,412.3
ORD0455,2024-12-07,North,Furniture,Table,2,1635.18,1044.82,590.35
ORD0456,2024-12-15,North,Groceries,Pasta,4,2316.3,1344.61,971.7
ORD0457,2024-10-24,South,Electronics,Headphones,2,2104.29,1572.79,531.49
ORD0458,2024-09-21,West,Groceries,Pasta,7,346.99,253.96,93.03
ORD0459,2024-08-28,East,Furniture,Bed,7,197.61,132.6,65.01
ORD0460,2024-11-24,South,Furniture,Table,6,389.17,241.73,147.43
ORD0461,2024-10-26,North,Electronics,Camera,10,1975.54,1792.75,182.79
ORD0462,2024-11-07,North,Furniture,Chair,7,672.34,532.22,140.11
ORD0463,2024-07-23,South,Groceries,Rice,10,474.92,325.45,149.48
ORD0464,2024-03-10,South,Groceries,Snacks,4,2728.1,1982.6,745.5
ORD0465,2024-12-17,South,Electronics,Laptop,10,1999.0,1237.72,761.28
ORD0466,2024-07-17,North,Groceries,Rice,10,535.69,328.74,206.96
ORD0467,2024-05-24,South,Groceries,Rice,9,976.57,862.37,114.2
ORD0468,2024-04-26,East,Furniture,Wardrobe,10,433.45,294.1,139.35
ORD0469,2024-02-12,West,Furniture,Chair,7,2238.03,1875.46,362.57
ORD0470,2024-08-12,North,Furniture,Chair,6,2178.97,1606.18,572.79
ORD0471,2024-08-07,South,Electronics,Camera,1,498.9,278.78,220.12
ORD0472,2024-09-15,West,Clothing,Jacket,9,974.18,765.3,208.88
ORD0473,2024-04-24,South,Electronics,Laptop,8,2846.71,1589.21,1257.5
ORD0474,2024-11-01,East,Clothing,Dress,2,673.82,517.67,156.15
ORD0475,2024-12-14,East,Clothing,Dress,3,1049.4,631.21,418.19
ORD0476,2024-01-27,North,Electronics,Smartphone,9,795.1,656.62,138.48
ORD0477,2024-01-19,North,Clothing,Jacket,7,1489.07,889.7,599.36
ORD0478,2024-04-12,East,Electronics,Smartphone,2,1029.65,611.45,418.19
ORD0479,2024-05-26,West,Furniture,Chair,2,2193.8,1510.73,683.07
ORD0480,2024-02-18,North,Furniture,Table,6,2571.32,1706.39,864.93
ORD0481,2024-01-14,South,Furniture,Wardrobe,6,535.2,473.26,61.94
ORD0482,2024-03-29,West,Groceries,Oil,7,1508.14,868.18,639.96
ORD0483,2024-07-31,East,Electronics,Headphones,3,1930.93,1551.09,379.84
ORD0484,2024-09-14,East,Clothing,T-Shirt,8,2361.61,1328.67,1032.94
ORD0485,2024-10-02,South,Clothing,Jeans,1,2243.67,1785.23,458.43
ORD0486,2024-09-03,East,Furniture,Couch,4,1870.62,1115.86,754.76
ORD0487,2024-03-26,North,Clothing,Shoes,7,565.95,431.93,134.02
ORD0488,2024-11-21,North,Electronics,Camera,3,804.99,476.68,328.31
ORD0489,2024-08-20,East,Electronics,Headphones,10,2761.26,1774.79,986.47
ORD0490,2024-12-25,North,Groceries,Milk,2,2266.92,1851.02,415.9
ORD0491,2024-05-06,East,Furniture,Table,6,926.62,542.56,384.07
ORD0492,2024-05-18,South,Groceries,Snacks,9,1817.93,1131.52,686.4
ORD0493,2024-01-01,South,Electronics,Laptop,1,2079.08,1282.36,796.72
ORD0494,2024-06-28,West,Electronics,Smartwatch,10,883.82,781.26,102.56
ORD0495,2024-08-16,West,Electronics,Camera,1,1174.82,1042.32,132.5
ORD0496,2024-06-07,East,Groceries,Rice,5,2622.14,1504.79,1117.35
ORD0497,2024-08-08,North,Electronics,Laptop,8,345.67,204.94,140.73
ORD0498,2024-02-09,West,Clothing,Dress,2,2901.39,1780.9,1120.49
ORD0499,2024-12-17,South,Groceries,Oil,8,608.7,413.63,195.06
ORD0500,2024-04-30,West,Groceries,Snacks,3,2643.48,1941.54,701.94
ORD0501,2024-02-06,West,Clothing,Jeans,4,1276.22,873.74,402.49
ORD0502,2024-02-07,South,Groceries,Rice,8,498.36,388.08,110.28
ORD0503,2024-11-24,North,Clothing,T-Shirt,8,2552.33,1645.9,906.43
ORD0504,2024-04-24,West,Groceries,Snacks,9,1389.13,984.17,404.96
ORD0505,2024-11-28,South,Groceries,Milk,8,2371.03,1869.01,502.02
ORD0506,2024-12-15,West,Electronics,Smartwatch,7,930.92,823.66,107.27
ORD0507,2024-07-20,West,Clothing,Jacket,3,1204.65,1078.26,126.39
ORD0508,2024-07-19,East,Electronics,Smartphone,5,2683.32,1634.23,1049.1
ORD0509,2024-09-19,South,Furniture,Wardrobe,8,2536.69,1458.08,1078.61
ORD0510,2024-06-16,East,Groceries,Snacks,3,3085.88,1945.03,1140.86
ORD0511,2024-01-16,East,Groceries,Milk,10,293.96,197.78,96.18
ORD0512,2024-01-05,West,Groceries,Pasta,7,1755.08,1278.89,476.19
ORD0513,2024-12-08,South,Clothing,Shoes,8,1316.63,899.76,416.87
ORD0514,2024-10-05,North,Furniture,Chair,1,1772.99,1564.14,208.85
ORD0515,2024-11-17,East,Clothing,Jeans,6,901.92,582.67,319.24
ORD0516,2024-11-09,East,Furniture,Table,7,2025.33,1358.03,667.3
ORD0517,2024-06-13,West,Furniture,Chair,9,1418.39,956.22,462.17
ORD0518,2024-08-10,North,Clothing,Shoes,2,1261.33,732.39,528.94
ORD0519,2024-04-29,South,Furniture,Table,8,1507.68,954.25,553.42
ORD0520,2024-02-04,East,Electronics,Camera,1,3197.12,1831.62,1365.5
ORD0521,2024-06-21,North,Furniture,Bed,8,422.7,268.18,154.53
ORD0522,2024-05-02,North,Clothing,Shoes,8,301.05,202.58,98.46
ORD0523,2024-04-30,South,Furniture,Couch,1,992.63,747.56,245.06
ORD0524,2024-04-16,West,Electronics,Headphones,1,1806.66,1088.03,718.63
ORD0525,2024-10-31,West,Electronics,Laptop,6,1232.05,902.51,329.54
ORD0526,2024-09-18,South,Electronics,Headphones,3,1247.57,982.12,265.44
ORD0527,2024-12-17,North,Furniture,Chair,2,1310.61,972.5,338.11
ORD0528,2024-02-14,East,Furniture,Couch,4,1659.69,1491.71,167.98
ORD0529,2024-08-07,South,Groceries,Oil,9,1647.12,1315.32,331.8
ORD0530,2024-07-12,East,Electronics,Laptop,6,1172.0,735.41,436.59
ORD0531,2024-11-17,North,Groceries,Milk,10,1397.51,869.99,527.52
ORD0532,2024-01-26,East,Clothing,Jeans,4,3100.71,1894.79,1205.92
ORD0533,2024-08-14,North,Furniture,Chair,10,1452.59,1199.28,253.31
ORD0534,2024-10-10,South,Clothing,Dress,5,2748.98,1939.74,809.24
ORD0535,2024-03-17,East,Electronics,Smartwatch,2,555.35,339.53,215.82
ORD0536,2024-12-18,North,Clothing,Shoes,8,1821.9,1393.73,428.17
ORD0537,2024-05-02,West,Electronics,Camera,4,2041.72,1391.95,649.77
ORD0538,2024-03-03,West,Furniture,Chair,2,1796.8,1131.54,665.26
ORD0539,2024-11-18,South,Groceries,Snacks,3,1176.95,952.38,224.57
ORD0540,2024-07-18,South,Clothing,Jeans,7,2657.87,1608.68,1049.19
ORD0541,2024-11-12,North,Electronics,Smartphone,10,1409.16,894.3,514.86
ORD0542,2024-01-03,South,Clothing,T-Shirt,8,1577.93,1335.57,242.36
ORD0543,2024-06-26,West,Groceries,Rice,9,1232.81,1054.15,178.66
ORD0544,2024-07-01,East,Clothing,Jeans,2,2459.4,1714.5,744.9
ORD0545,2024-02-06,North,Clothing,Shoes,1,1444.21,1216.64,227.58
ORD0546,2024-03-13,North,Furniture,Bed,6,462.05,330.2,131.86
ORD0547,2024-07-05,West,Furniture,Wardrobe,2,2103.13,1391.16,711.97
ORD0548,2024-01-02,East,Clothing,Jacket,2,523.34,415.87,107.48
ORD0549,2024-04-12,North,Electronics,Headphones,6,1713.74,1260.44,453.3
ORD0550,2024-11-03,West,Clothing,Shoes,10,2574.26,1639.73,934.54
ORD0551,2024-04-16,East,Electronics,Headphones,7,3356.36,1959.43,1396.93
ORD0552,2024-02-25,East,Groceries,Oil,5,119.74,82.01,37.73
ORD0553,2024-12-10,East,Clothing,Jeans,1,1775.05,1285.42,489.63
ORD0554,2024-04-26,North,Electronics,Laptop,4,2135.5,1642.72,492.78
ORD0555,2024-03-01,East,Electronics,Smartwatch,7,1864.45,1389.58,474.86
ORD0556,2024-10-15,North,Groceries,Pasta,1,1937.33,1313.59,623.74
ORD0557,2024-06-19,East,Furniture,Table,1,376.16,254.69,121.46
ORD0558,2024-12-03,West,Groceries,Rice,6,1452.49,963.14,489.34
ORD0559,2024-04-15,South,Electronics,Laptop,3,1573.64,1083.52,490.12
ORD0560,2024-05-09,South,Groceries,Rice,8,1326.7,1130.67,196.02
ORD0561,2024-03-17,East,Furniture,Table,10,1564.06,1104.85,459.2
ORD0562,2024-08-27,West,Clothing,Shoes,9,384.56,331.08,53.48
ORD0563,2024-02-04,West,Clothing,Shoes,10,1345.53,840.07,505.46
ORD0564,2024-12-04,West,Clothing,Jeans,4,1710.38,1436.12,274.27
ORD0565,2024-04-18,East,Groceries,Milk,1,2086.44,1480.08,606.36
ORD0566,2024-11-12,East,Groceries,Milk,4,232.99,184.88,48.11
ORD0567,2024-01-17,South,Electronics,Headphones,2,221.46,130.9,90.56
ORD0568,2024-10-22,West,Electronics,Smartwatch,4,2308.76,1967.23,341.53
ORD0569,2024-07-05,East,Clothing,Jeans,6,3191.83,1900.91,1290.92
ORD0570,2024-03-21,East,Furniture,Chair,7,532.43,296.59,235.84
ORD0571,2024-06-08,West,Groceries,Rice,8,1458.69,859.27,599.42
ORD0572,2024-10-20,South,Clothing,Jacket,2,1301.89,933.55,368.34
ORD0573,2024-03-20,South,Electronics,Camera,5,1404.34,936.77,467.57
ORD0574,2024-10-13,West,Clothing,Shoes,7,878.37,651.22,227.15
ORD0575,2024-02-23,East,Electronics,Smartphone,10,1783.21,1172.48,610.73
ORD0576,2024-12-20,West,Electronics,Smartphone,5,1106.29,734.98,371.31
ORD0577,2024-06-14,North,Clothing,Jacket,3,1360.49,1059.94,300.56
ORD0578,2024-09-12,East,Electronics,Laptop,9,2129.08,1241.06,888.02
ORD0579,2024-01-14,East,Electronics,Smartwatch,9,2065.49,1175.29,890.21
ORD0580,2024-12-24,South,Furniture,Table,3,3197.68,1973.61,1224.08
ORD0581,2024-08-20,East,Groceries,Rice,4,2143.08,1234.8,908.28
ORD0582,2024-12-03,East,Clothing,Jacket,2,1073.17,755.44,317.73
ORD0583,2024-08-21,West,Electronics,Laptop,8,2945.73,1896.72,1049.0
ORD0584,2024-01-10,East,Electronics,Laptop,7,2977.44,1843.57,1133.87
ORD0585,2024-05-31,East,Electronics,Smartphone,10,1260.59,855.96,404.63
ORD0586,2024-05-01,West,Clothing,Dress,10,1388.2,931.54,456.66
ORD0587,2024-10-18,East,Electronics,Smartphone,6,725.86,633.73,92.13
ORD0588,2024-03-15,East,Groceries,Rice,3,2015.8,1222.28,793.51
ORD0589,2024-09-05,West,Groceries,Milk,4,1940.92,1374.99,565.93
ORD0590,2024-11-17,East,Groceries,Milk,4,1732.51,1499.96,232.55
ORD0591,2024-02-21,West,Groceries,Oil,5,2191.04,1610.77,580.26
ORD0592,2024-01-20,North,Furniture,Couch,9,1185.65,876.72,308.93
ORD0593,2024-12-21,North,Groceries,Snacks,1,2119.19,1544.5,574.69
ORD0594,2024-01-16,South,Clothing,Dress,3,2661.16,1650.59,1010.57
ORD0595,2024-07-09,East,Furniture,Couch,3,158.17,91.0,67.18
ORD0596,2024-01-28,South,Groceries,Rice,9,3386.11,1881.5,1504.61
ORD0597,2024-05-28,West,Furniture,Bed,1,144.36,102.07,42.29
ORD0598,2024-06-10,West,Groceries,Snacks,9,2763.49,1647.62,1115.87
ORD0599,2024-09-19,South,Groceries,Pasta,8,2185.59,1969.64,215.96
ORD0600,2024-05-02,East,Groceries,Snacks,8,2391.51,1529.37,862.14
ORD0601,2024-04-12,West,Clothing,T-Shirt,3,150.89,132.31,18.59
ORD0602,2024-08-06,South,Electronics,Smartwatch,3,2366.37,1951.35,415.03
ORD0603,2024-06-18,North,Clothing,Jeans,9,2659.11,1622.85,1036.26
ORD0604,2024-04-11,West,Clothing,Dress,9,1291.26,807.95,483.3
ORD0605,2024-04-30,East,Furniture,Chair,8,85.1,52.02,33.08
ORD0606,2024-07-19,West,Furniture,Wardrobe,8,1576.29,998.55,577.74
ORD0607,2024-10-09,North,Furniture,Chair,2,427.44,362.3,65.14
ORD0608,2024-02-04,East,Groceries,Milk,3,584.97,443.73,141.25
ORD0609,2024-08-01,South,Clothing,Jacket,2,294.99,173.06,121.93
ORD0610,2024-07-15,West,Furniture,Bed,5,834.22,477.33,356.89
ORD0611,2024-05-30,North,Electronics,Laptop,1,2374.47,1530.17,844.3
ORD0612,2024-07-11,North,Furniture,Wardrobe,9,2121.24,1383.62,737.63
ORD0613,2024-12-19,West,Electronics,Smartphone,2,3133.68,1807.49,1326.19
ORD0614,2024-07-31,East,Clothing,Jeans,7,1900.09,1088.34,811.75
ORD0615,2024-02-08,East,Electronics,Camera,10,3315.49,1890.05,1425.44
ORD0616,2024-06-18,West,Furniture,Couch,5,1873.31,1358.61,514.7
ORD0617,2024-05-31,South,Electronics,Smartwatch,5,884.31,518.5,365.81
ORD0618,2024-12-15,West,Groceries,Milk,6,1304.64,1123.2,181.44
ORD0619,2024-03-24,North,Groceries,Rice,6,1446.96,1098.28,348.68
ORD0620,2024-03-30,East,Clothing,Jacket,10,1175.32,860.52,314.79
ORD0621,2024-10-21,North,Electronics,Headphones,3,2739.27,1523.03,1216.24
ORD0622,2024-03-13,South,Furniture,Couch,6,2202.15,1294.18,907.97
ORD0623,2024-09-11,East,Groceries,Rice,6,75.26,54.76,20.5
ORD0624,2024-07-07,East,Groceries,Milk,8,1087.69,979.97,107.72
ORD0625,2024-12-12,North,Electronics,Smartwatch,4,859.33,727.29,132.04
ORD0626,2024-07-26,South,Groceries,Pasta,9,2153.47,1796.89,356.58
ORD0627,2024-05-10,South,Groceries,Rice,8,1182.38,1069.25,113.13
ORD0628,2024-07-17,North,Furniture,Chair,2,2791.17,1646.03,1145.13
ORD0629,2024-09-26,North,Electronics,Smartwatch,9,3182.08,1779.37,1402.71
ORD0630,2024-07-13,South,Electronics,Laptop,8,369.05,288.43,80.62
ORD0631,2024-04-10,South,Groceries,Snacks,7,2955.54,1931.25,1024.28
ORD0632,2024-09-03,South,Electronics,Smartphone,8,1514.3,1010.09,504.22
ORD0633,2024-02-25,East,Groceries,Pasta,6,1778.29,1442.87,335.42
ORD0634,2024-06-03,West,Groceries,Snacks,9,1226.81,749.77,477.04
ORD0635,2024-05-02,South,Furniture,Couch,5,3470.35,1967.49,1502.86
ORD0636,2024-07-02,North,Groceries,Rice,6,2295.16,1893.1,402.05
ORD0637,2024-11-23,North,Electronics,Smartphone,8,355.68,311.48,44.2
ORD0638,2024-05-07,North,Clothing,Dress,10,1784.54,1328.67,455.87
ORD0639,2024-12-21,South,Groceries,Milk,3,640.36,559.33,81.03
ORD0640,2024-01-30,West,Clothing,Jacket,9,332.93,290.28,42.65
ORD0641,2024-02-11,West,Furniture,Table,10,1801.54,1118.69,682.85
ORD0642,2024-09-16,West,Furniture,Table,6,1203.17,819.67,383.5
ORD0643,2024-03-10,North,Electronics,Camera,7,1631.67,1186.01,445.66
ORD0644,2024-05-25,South,Groceries,Rice,9,297.23,197.74,99.5
ORD0645,2024-03-13,East,Clothing,Shoes,10,2639.43,1981.54,657.88
ORD0646,2024-12-18,East,Furniture,Couch,2,776.82,451.59,325.23
ORD0647,2024-07-18,South,Groceries,Oil,10,2871.33,1972.38,898.95
ORD0648,2024-12-01,West,Electronics,Camera,10,956.11,734.98,221.13
ORD0649,2024-06-06,North,Groceries,Milk,4,1058.73,708.25,350.47
ORD0650,2024-09-01,East,Groceries,Milk,1,793.22,512.44,280.78
ORD0651,2024-12-26,South,Electronics,Smartwatch,3,3335.12,1896.7,1438.42
ORD0652,2024-04-02,North,Groceries,Pasta,10,1198.81,689.29,509.52
ORD0653,2024-01-04,North,Furniture,Wardrobe,2,2452.27,1519.72,932.55
ORD0654,2024-08-16,East,Furniture,Couch,5,775.84,675.5,100.34
ORD0655,2024-01-23,East,Groceries,Pasta,1,1810.78,1248.32,562.47
ORD0656,2024-01-29,South,Electronics,Camera,10,2512.12,1397.4,1114.71
ORD0657,2024-12-06,South,Clothing,Jacket,9,3070.67,1831.6,1239.07
ORD0658,2024-11-14,South,Groceries,Milk,6,2110.22,1365.96,744.26
ORD0659,2024-03-01,West,Groceries,Milk,8,950.73,646.69,304.04
ORD0660,2024-07-22,South,Groceries,Pasta,7,493.91,291.95,201.95
ORD0661,2024-01-15,South,Clothing,Jeans,6,572.82,496.72,76.11
ORD0662,2024-07-11,West,Electronics,Smartwatch,1,430.39,307.36,123.02
ORD0663,2024-12-01,West,Groceries,Oil,4,386.94,223.22,163.72
ORD0664,2024-04-05,North,Clothing,Jacket,1,2408.1,1717.56,690.55
ORD0665,2024-04-02,East,Clothing,Shoes,2,581.06,373.08,207.98
ORD0666,2024-03-10,North,Groceries,Milk,8,2923.42,1741.99,1181.43
ORD0667,2024-08-29,South,Clothing,Dress,1,2425.42,1354.7,1070.72
ORD0668,2024-07-03,North,Groceries,Rice,10,1409.46,1229.16,180.29
ORD0669,2024-05-31,East,Electronics,Camera,7,1128.69,952.87,175.81
ORD0670,2024-04-30,East,Electronics,Headphones,8,1840.61,1119.47,721.13
ORD0671,2024-09-20,North,Groceries,Oil,6,1484.11,987.65,496.46
ORD0672,2024-02-15,North,Clothing,T-Shirt,7,509.07,308.95,200.11
ORD0673,2024-07-27,East,Groceries,Oil,9,710.39,475.73,234.66
ORD0674,2024-08-13,North,Furniture,Bed,7,364.87,228.3,136.56
ORD0675,2024-02-27,South,Groceries,Oil,8,1019.64,675.72,343.93
ORD0676,2024-01-05,East,Clothing,Shoes,5,1167.85,822.47,345.38
ORD0677,2024-06-12,North,Groceries,Milk,3,624.46,543.31,81.15
ORD0678,2024-08-07,North,Clothing,Jacket,4,1126.91,898.96,227.95
ORD0679,2024-04-08,East,Electronics,Smartwatch,7,1404.49,1220.54,183.96
ORD0680,2024-07-20,South,Clothing,T-Shirt,5,444.86,321.49,123.37
ORD0681,2024-03-15,North,Furniture,Chair,10,569.89,376.61,193.28
ORD0682,2024-01-15,North,Furniture,Table,7,1331.71,745.04,586.67
ORD0683,2024-02-08,South,Electronics,Laptop,4,992.71,764.52,228.19
ORD0684,2024-07-18,East,Groceries,Snacks,2,2240.41,1806.49,433.92
ORD0685,2024-05-23,North,Electronics,Laptop,7,1994.14,1796.68,197.45
ORD0686,2024-02-11,East,Clothing,Dress,9,1764.66,999.88,764.79
ORD0687,2024-11-10,West,Groceries,Oil,4,900.36,707.96,192.4
ORD0688,2024-05-19,South,Furniture,Wardrobe,1,1407.53,1219.67,187.86
ORD0689,2024-07-11,North,Furniture,Couch,4,1403.35,1120.1,283.25
ORD0690,2024-01-16,North,Furniture,Table,4,1997.41,1546.82,450.59
ORD0691,2024-03-11,South,Furniture,Wardrobe,7,950.11,650.43,299.68
ORD0692,2024-01-27,North,Furniture,Chair,2,1602.58,1059.87,542.71
ORD0693,2024-12-25,East,Electronics,Smartphone,4,1605.97,1206.47,399.5
ORD0694,2024-07-11,North,Electronics,Headphones,2,83.94,57.23,26.71
ORD0695,2024-12-23,East,Electronics,Smartphone,5,142.19,99.16,43.03
ORD0696,2024-02-10,West,Groceries,Pasta,2,2137.78,1415.35,722.43
ORD0697,2024-09-14,East,Groceries,Milk,10,482.15,418.71,63.45
ORD0698,2024-02-05,South,Clothing,Shoes,10,1884.27,1221.27,663.0
ORD0699,2024-09-27,South,Furniture,Wardrobe,8,3305.05,1841.99,1463.05
ORD0700,2024-11-20,East,Clothing,Shoes,8,1978.44,1126.69,851.75
ORD0701,2024-04-28,North,Furniture,Chair,7,603.0,365.82,237.18
ORD0702,2024-08-15,East,Furniture,Bed,1,2775.69,1577.47,1198.22
ORD0703,2024-09-14,West,Groceries,Rice,1,3036.77,1799.27,1237.51
ORD0704,2024-06-26,East,Furniture,Bed,4,792.27,679.41,112.87
ORD0705,2024-06-01,East,Furniture,Table,7,2992.06,1967.85,1024.21
ORD0706,2024-11-26,East,Electronics,Camera,2,433.09,244.56,188.53
ORD0707,2024-10-22,West,Clothing,Jacket,9,663.08,562.39,100.7
ORD0708,2024-01-22,North,Electronics,Laptop,1,964.42,626.71,337.71
ORD0709,2024-01-24,South,Groceries,Rice,5,1217.78,1070.57,147.21
ORD0710,2024-08-10,North,Furniture,Chair,3,2511.22,1672.33,838.89
ORD0711,2024-02-29,South,Furniture,Wardrobe,2,850.2,473.35,376.85
ORD0712,2024-11-13,West,Electronics,Camera,3,1260.97,700.96,560.01
ORD0713,2024-06-15,South,Groceries,Oil,10,1298.63,1128.55,170.07
ORD0714,2024-09-07,North,Electronics,Camera,1,1489.47,1103.98,385.49
ORD0715,2024-01-16,West,Electronics,Camera,9,1160.49,799.78,360.72
ORD0716,2024-07-30,North,Groceries,Oil,5,2078.23,1585.99,492.24
ORD0717,2024-01-15,West,Furniture,Bed,6,1653.9,1030.62,623.29
ORD0718,2024-01-31,South,Electronics,Headphones,9,958.73,724.13,234.6
ORD0719,2024-10-02,North,Clothing,Jacket,7,716.64,472.68,243.96
ORD0720,2024-11-02,East,Furniture,Table,3,90.13,78.91,11.22
ORD0721,2024-11-23,North,Clothing,Jacket,1,1000.06,856.55,143.51
ORD0722,2024-05-17,North,Groceries,Rice,2,2292.06,1420.2,871.87
ORD0723,2024-01-06,South,Furniture,Bed,6,1645.76,1199.24,446.51
ORD0724,2024-10-02,North,Groceries,Rice,3,1260.85,990.6,270.25
ORD0725,2024-04-02,North,Groceries,Snacks,8,1526.09,1122.07,404.01
ORD0726,2024-12-20,North,Clothing,Jacket,5,1223.79,809.79,413.99
ORD0727,2024-05-14,South,Electronics,Laptop,7,331.8,275.19,56.61
ORD0728,2024-05-23,South,Furniture,Chair,7,410.99,356.13,54.86
ORD0729,2024-04-06,North,Clothing,Shoes,9,991.23,814.22,177.01
ORD0730,2024-02-05,West,Furniture,Bed,9,2362.31,1799.47,562.83
ORD0731,2024-05-12,South,Furniture,Wardrobe,7,2001.74,1400.51,601.23
ORD0732,2024-02-07,East,Furniture,Wardrobe,5,2275.97,1882.77,393.21
ORD0733,2024-01-31,North,Clothing,Shoes,6,942.88,632.26,310.62
ORD0734,2024-08-14,West,Groceries,Milk,9,822.09,630.79,191.3
ORD0735,2024-11-22,North,Clothing,Shoes,8,1011.95,674.84,337.11
ORD0736,2024-08-21,West,Electronics,Camera,3,1664.56,1364.77,299.79
ORD0737,2024-06-22,West,Groceries,Milk,4,261.86,162.13,99.73
ORD0738,2024-01-13,West,Furniture,Chair,7,1315.84,925.52,390.32
ORD0739,2024-11-12,East,Electronics,Laptop,4,968.06,688.23,279.82
ORD0740,2024-09-18,South,Furniture,Chair,3,1569.89,943.3,626.59
ORD0741,2024-05-05,West,Furniture,Wardrobe,6,2576.12,1811.19,764.94
ORD0742,2024-07-14,East,Electronics,Smartwatch,4,1479.57,918.78,560.79
ORD0743,2024-01-21,South,Groceries,Oil,1,158.54,119.96,38.58
ORD0744,2024-01-05,East,Electronics,Camera,3,1546.25,1023.99,522.26
ORD0745,2024-08-22,East,Furniture,Couch,3,1369.33,1238.47,130.85
ORD0746,2024-06-22,South,Furniture,Bed,1,129.96,109.44,20.52
ORD0747,2024-03-16,West,Groceries,Pasta,1,2003.88,1479.17,524.71
ORD0748,2024-06-21,East,Furniture,Couch,10,1519.26,1343.13,176.13
ORD0749,2024-07-30,East,Groceries,Milk,4,1106.83,617.42,489.4
ORD0750,2024-04-07,South,Clothing,Jeans,10,2404.02,1389.06,1014.95
ORD0751,2024-02-24,North,Groceries,Milk,2,1301.28,1150.22,151.06
ORD0752,2024-11-22,South,Clothing,T-Shirt,1,2130.57,1768.64,361.93
ORD0753,2024-12-08,North,Groceries,Oil,2,936.25,711.29,224.96
ORD0754,2024-05-01,South,Furniture,Chair,1,2811.65,1700.14,1111.5
ORD0755,2024-11-29,North,Electronics,Camera,6,1871.68,1560.07,311.61
ORD0756,2024-06-17,East,Furniture,Chair,5,2328.36,1897.54,430.82
ORD0757,2024-08-24,South,Furniture,Chair,9,2097.1,1452.39,644.71
ORD0758,2024-03-05,East,Furniture,Wardrobe,5,1872.82,1173.64,699.18
ORD0759,2024-04-20,North,Electronics,Smartphone,9,2328.04,1526.41,801.64
ORD0760,2024-02-21,East,Clothing,Jacket,2,2172.74,1464.77,707.96
ORD0761,2024-01-10,North,Electronics,Headphones,4,697.46,546.49,150.97
ORD0762,2024-07-19,East,Electronics,Camera,2,1101.24,773.71,327.53
ORD0763,2024-03-24,South,Groceries,Snacks,10,531.28,459.23,72.05
ORD0764,2024-01-22,East,Clothing,T-Shirt,1,2775.32,1661.4,1113.92
ORD0765,2024-11-23,West,Groceries,Rice,8,1876.11,1481.07,395.03
ORD0766,2024-07-05,North,Furniture,Wardrobe,1,2223.89,1377.23,846.66
ORD0767,2024-04-01,West,Furniture,Bed,1,960.67,534.49,426.18
ORD0768,2024-09-18,North,Electronics,Laptop,6,2882.42,1774.68,1107.73
ORD0769,2024-05-13,South,Electronics,Camera,10,798.46,472.6,325.87
ORD0770,2024-04-28,West,Groceries,Rice,8,310.74,263.13,47.6
ORD0771,2024-10-12,North,Groceries,Milk,6,275.67,199.91,75.76
ORD0772,2024-08-25,West,Groceries,Milk,1,1380.38,942.45,437.93
ORD0773,2024-04-17,South,Clothing,T-Shirt,3,1382.72,931.97,450.75
ORD0774,2024-10-10,North,Electronics,Laptop,5,2413.07,1957.02,456.05
ORD0775,2024-10-01,West,Furniture,Couch,1,1655.16,1203.49,451.67
ORD0776,2024-08-14,West,Electronics,Headphones,5,968.72,664.52,304.2
ORD0777,2024-12-09,West,Electronics,Laptop,6,1160.14,1005.17,154.97
ORD0778,2024-02-20,South,Clothing,Jacket,6,992.28,608.72,383.56
ORD0779,2024-12-09,South,Furniture,Bed,4,872.51,690.94,181.58
ORD0780,2024-08-05,South,Furniture,Chair,5,1034.31,800.13,234.18
ORD0781,2024-05-05,North,Furniture,Table,9,1640.49,1463.33,177.16
ORD0782,2024-12-20,East,Clothing,Shoes,2,1524.33,1188.98,335.35
ORD0783,2024-05-12,East,Groceries,Pasta,6,869.18,758.66,110.52
ORD0784,2024-12-28,East,Electronics,Smartphone,9,2463.93,1959.62,504.31
ORD0785,2024-06-03,East,Clothing,Shoes,7,174.66,156.86,17.8
ORD0786,2024-05-22,West,Electronics,Camera,9,1643.74,1150.63,493.11
ORD0787,2024-05-26,North,Groceries,Milk,1,523.6,350.77,172.82
ORD0788,2024-11-02,North,Groceries,Snacks,3,2624.84,1788.21,836.63
ORD0789,2024-06-10,East,Electronics,Camera,2,1327.76,790.66,537.1
ORD0790,2024-03-11,West,Groceries,Milk,7,1443.01,1101.5,341.52
ORD0791,2024-05-03,West,Clothing,Dress,1,2917.72,1757.09,1160.63
ORD0792,2024-04-22,North,Groceries,Pasta,4,1755.02,1009.65,745.37
ORD0793,2024-03-26,West,Groceries,Pasta,4,3116.18,1733.78,1382.4
ORD0794,2024-09-13,West,Groceries,Milk,10,2434.22,1686.29,747.93
ORD0795,2024-01-31,North,Electronics,Laptop,2,1732.65,1370.45,362.19
ORD0796,2024-03-08,East,Groceries,Oil,10,1429.84,934.54,495.31
ORD0797,2024-06-20,North,Furniture,Table,5,2975.07,1947.47,1027.6
ORD0798,2024-09-21,West,Clothing,Dress,4,1134.48,826.83,307.65
ORD0799,2024-08-17,South,Clothing,Jeans,7,2302.08,1942.46,359.62
ORD0800,2024-11-07,West,Electronics,Camera,3,287.64,199.42,88.22
ORD0801,2024-12-19,South,Furniture,Wardrobe,10,470.6,378.65,91.95
ORD0802,2024-06-11,South,Furniture,Bed,10,158.75,104.04,54.71
ORD0803,2024-07-30,North,Electronics,Camera,6,1674.01,1141.4,532.61
ORD0804,2024-12-13,West,Groceries,Pasta,10,2214.06,1559.82,654.24
ORD0805,2024-01-24,North,Furniture,Chair,4,300.72,219.72,81.01
ORD0806,2024-01-19,North,Clothing,T-Shirt,7,403.61,252.4,151.2
ORD0807,2024-07-20,East,Groceries,Pasta,6,2501.16,1452.37,1048.79
ORD0808,2024-03-14,South,Furniture,Wardrobe,8,2199.16,1646.41,552.75
ORD0809,2024-07-12,East,Groceries,Snacks,2,2139.36,1932.57,206.78
ORD0810,2024-07-07,East,Electronics,Laptop,10,639.03,468.54,170.5
ORD0811,2024-10-15,North,Groceries,Milk,3,2249.41,1462.67,786.73
ORD0812,2024-04-18,West,Furniture,Bed,5,2633.74,1927.8,705.94
ORD0813,2024-07-23,North,Electronics,Headphones,4,1814.88,1171.73,643.15
ORD0814,2024-07-25,East,Furniture,Bed,5,1527.04,1065.23,461.81
ORD0815,2024-03-12,West,Clothing,Shoes,3,950.4,749.14,201.26
ORD0816,2024-03-20,North,Groceries,Rice,9,2894.13,1738.9,1155.22
ORD0817,2024-07-24,West,Groceries,Pasta,10,3243.81,1903.89,1339.92
ORD0818,2024-06-24,North,Groceries,Snacks,7,2254.75,1476.05,778.7
ORD0819,2024-05-08,West,Clothing,Jacket,7,2370.6,1678.06,692.54
ORD0820,2024-07-24,South,Clothing,Dress,10,363.46,227.67,135.79
ORD0821,2024-05-19,North,Groceries,Rice,7,2467.55,1811.31,656.24
ORD0822,2024-02-06,South,Clothing,Dress,3,953.95,831.82,122.14
ORD0823,2024-10-16,West,Furniture,Bed,3,1932.85,1361.7,571.15
ORD0824,2024-11-05,West,Electronics,Headphones,7,229.72,155.3,74.42
ORD0825,2024-09-25,South,Clothing,T-Shirt,1,1811.84,1513.84,298.0
ORD0826,2024-10-26,West,Groceries,Rice,1,1034.79,633.53,401.26
ORD0827,2024-04-27,North,Furniture,Wardrobe,5,893.53,723.31,170.22
ORD0828,2024-08-19,South,Furniture,Wardrobe,4,2415.96,1589.46,826.5
ORD0829,2024-02-19,West,Groceries,Snacks,3,1374.77,1058.45,316.32
ORD0830,2024-07-01,South,Groceries,Snacks,5,848.95,759.93,89.02
ORD0831,2024-08-01,East,Furniture,Couch,9,683.58,434.8,248.77
ORD0832,2024-10-06,East,Electronics,Camera,6,230.97,163.24,67.73
ORD0833,2024-11-04,East,Furniture,Wardrobe,4,481.22,414.36,66.86
ORD0834,2024-07-22,North,Electronics,Smartphone,2,2092.98,1699.36,393.62
ORD0835,2024-01-03,East,Groceries,Pasta,3,680.49,414.35,266.14
ORD0836,2024-05-04,North,Electronics,Smartwatch,4,541.94,339.16,202.77
ORD0837,2024-10-20,South,Electronics,Smartwatch,1,1310.44,851.15,459.29
ORD0838,2024-03-18,East,Furniture,Couch,2,1476.09,951.9,524.19
ORD0839,2024-12-09,North,Electronics,Smartwatch,5,1007.26,613.41,393.86
ORD0840,2024-11-08,North,Electronics,Smartphone,5,2892.85,1812.27,1080.58
ORD0841,2024-10-23,North,Electronics,Smartwatch,9,809.2,647.95,161.26
ORD0842,2024-07-19,South,Furniture,Chair,2,1391.58,1057.6,333.99
ORD0843,2024-05-02,West,Furniture,Chair,7,1673.68,1239.28,434.4
ORD0844,2024-05-14,North,Furniture,Wardrobe,10,2588.18,1502.35,1085.83
ORD0845,2024-02-28,West,Electronics,Headphones,10,828.62,503.07,325.55
ORD0846,2024-02-05,North,Furniture,Table,4,1364.7,773.09,591.61
ORD0847,2024-10-14,North,Furniture,Chair,3,432.02,330.16,101.86
ORD0848,2024-06-30,West,Electronics,Smartwatch,6,2973.4,1771.43,1201.96
ORD0849,2024-07-12,North,Clothing,Shoes,10,2159.04,1404.11,754.93
ORD0850,2024-09-20,North,Furniture,Bed,4,1669.89,1446.52,223.38
ORD0851,2024-09-20,South,Clothing,Dress,1,648.21,370.88,277.33
ORD0852,2024-04-22,West,Groceries,Rice,5,2614.81,1706.1,908.71
ORD0853,2024-12-13,West,Electronics,Headphones,2,1694.85,1334.95,359.9
ORD0854,2024-10-20,North,Groceries,Pasta,9,1642.97,1011.34,631.64
ORD0855,2024-06-18,East,Clothing,Jeans,5,1271.07,718.27,552.81
ORD0856,2024-04-22,East,Electronics,Laptop,5,82.84,54.73,28.11
ORD0857,2024-01-31,North,Groceries,Snacks,2,3207.62,1859.56,1348.06
ORD0858,2024-03-22,South,Furniture,Table,6,900.89,770.68,130.21
ORD0859,2024-03-29,North,Furniture,Bed,1,2166.51,1718.88,447.63
ORD0860,2024-02-10,South,Groceries,Milk,1,866.97,757.39,109.58
ORD0861,2024-04-28,East,Furniture,Chair,8,2528.91,1448.39,1080.52
ORD0862,2024-11-02,East,Clothing,T-Shirt,6,2150.83,1380.96,769.87
ORD0863,2024-10-03,West,Groceries,Milk,7,1767.55,1085.82,681.73
ORD0864,2024-02-23,West,Electronics,Laptop,6,1236.37,996.96,239.4
ORD0865,2024-10-08,South,Groceries,Milk,3,818.2,496.53,321.68
ORD0866,2024-07-22,North,Electronics,Camera,4,506.71,442.84,63.87
ORD0867,2024-03-09,South,Clothing,Jeans,8,1334.41,977.59,356.82
ORD0868,2024-11-27,West,Groceries,Pasta,3,596.91,377.82,219.08
ORD0869,2024-01-12,South,Furniture,Bed,2,2343.29,1368.95,974.34
ORD0870,2024-06-13,South,Groceries,Milk,4,2655.24,1717.4,937.84
ORD0871,2024-12-03,South,Furniture,Wardrobe,8,720.48,599.63,120.84
ORD0872,2024-04-03,East,Electronics,Headphones,4,2498.47,1922.85,575.62
ORD0873,2024-10-06,East,Groceries,Oil,1,2548.55,1762.43,786.12
ORD0874,2024-12-21,South,Furniture,Bed,8,2993.47,1780.74,1212.73
ORD0875,2024-12-23,South,Electronics,Smartphone,4,834.57,587.52,247.06
ORD0876,2024-06-18,East,Furniture,Table,7,2525.14,1521.28,1003.86
ORD0877,2024-03-25,East,Groceries,Snacks,5,805.46,539.97,265.49
ORD0878,2024-01-09,West,Furniture,Chair,6,2952.44,1696.28,1256.17
ORD0879,2024-06-19,North,Clothing,Shoes,6,2362.03,1613.83,748.21
ORD0880,2024-09-25,South,Clothing,Dress,7,1233.15,1039.06,194.08
ORD0881,2024-01-16,East,Furniture,Chair,10,242.85,199.6,43.25
ORD0882,2024-01-03,South,Electronics,Smartphone,7,371.71,297.57,74.14
ORD0883,2024-12-11,East,Groceries,Snacks,3,1251.89,868.79,383.11
ORD0884,2024-09-24,East,Electronics,Smartwatch,9,1285.83,884.95,400.88
ORD0885,2024-11-23,West,Furniture,Wardrobe,8,2770.3,1598.91,1171.38
ORD0886,2024-06-30,East,Furniture,Wardrobe,10,2959.89,1922.44,1037.45
ORD0887,2024-02-07,West,Electronics,Smartwatch,2,528.51,361.34,167.16
ORD0888,2024-03-22,West,Furniture,Bed,10,2259.8,1561.03,698.76
ORD0889,2024-08-06,North,Furniture,Chair,6,997.8,593.98,403.82
ORD0890,2024-05-24,North,Clothing,Jeans,9,2384.72,1366.11,1018.62
ORD0891,2024-07-06,East,Groceries,Milk,7,792.55,484.49,308.06
ORD0892,2024-10-12,South,Groceries,Snacks,1,649.53,483.55,165.99
ORD0893,2024-10-31,West,Clothing,Dress,6,88.63,67.53,21.1
ORD0894,2024-11-19,East,Clothing,Shoes,6,1715.88,987.06,728.82
ORD0895,2024-09-24,South,Groceries,Oil,2,403.07,297.91,105.15
ORD0896,2024-06-22,West,Groceries,Rice,8,1000.67,627.13,373.53
ORD0897,2024-12-28,East,Furniture,Couch,1,651.88,493.55,158.33
ORD0898,2024-01-04,West,Groceries,Rice,10,668.21,492.22,175.99
ORD0899,2024-09-01,West,Furniture,Bed,3,2687.82,1764.78,923.04
ORD0900,2024-07-01,North,Furniture,Table,5,474.85,336.23,138.62
ORD0901,2024-05-03,West,Clothing,Jacket,4,256.36,214.64,41.72
ORD0902,2024-09-14,East,Furniture,Wardrobe,3,2407.15,1418.43,988.72
ORD0903,2024-03-20,South,Furniture,Bed,5,2249.78,1629.54,620.24
ORD0904,2024-11-14,West,Groceries,Rice,3,245.7,141.06,104.65
ORD0905,2024-03-17,East,Furniture,Chair,6,1138.72,683.99,454.73
ORD0906,2024-05-13,West,Clothing,T-Shirt,5,2355.21,1377.66,977.56
ORD0907,2024-12-11,East,Electronics,Smartwatch,1,1253.32,780.12,473.2
ORD0908,2024-08-19,North,Electronics,Camera,1,917.18,570.97,346.2
ORD0909,2024-05-28,South,Groceries,Snacks,9,1844.47,1618.48,225.99
ORD0910,2024-11-01,South,Clothing,Shoes,1,647.28,361.15,286.12
ORD0911,2024-01-26,North,Clothing,T-Shirt,1,3094.38,1785.42,1308.96
ORD0912,2024-08-20,South,Electronics,Headphones,7,1207.64,1006.66,200.98
ORD0913,2024-03-03,South,Furniture,Bed,6,1092.83,615.15,477.68
ORD0914,2024-09-23,East,Clothing,Jacket,10,1529.8,903.77,626.03
ORD0915,2024-03-07,North,Groceries,Snacks,3,1830.07,1612.31,217.76
ORD0916,2024-07-04,North,Groceries,Oil,1,2299.77,1450.24,849.52
ORD0917,2024-09-06,East,Clothing,T-Shirt,2,312.78,180.25,132.53
ORD0918,2024-09-27,North,Furniture,Bed,9,461.83,418.4,43.43
ORD0919,2024-03-07,North,Furniture,Wardrobe,7,1389.75,961.31,428.44
ORD0920,2024-10-04,West,Groceries,Snacks,3,730.59,576.41,154.18
ORD0921,2024-11-01,South,Groceries,Oil,8,436.05,313.67,122.38
ORD0922,2024-09-20,South,Groceries,Rice,5,1741.23,1129.17,612.06
ORD0923,2024-12-21,East,Electronics,Camera,7,444.83,325.51,119.32
ORD0924,2024-12-22,South,Groceries,Pasta,4,821.74,583.19,238.54
ORD0925,2024-08-26,East,Electronics,Smartwatch,2,170.43,117.16,53.27
ORD0926,2024-04-10,South,Clothing,Jeans,9,2181.48,1942.0,239.48
ORD0927,2024-10-16,North,Clothing,Jeans,1,347.82,315.36,32.46
ORD0928,2024-09-18,South,Electronics,Smartphone,6,2185.82,1319.9,865.92
ORD0929,2024-04-20,East,Electronics,Headphones,7,950.19,795.17,155.01
ORD0930,2024-08-13,North,Groceries,Milk,10,307.85,225.05,82.8
ORD0931,2024-06-25,West,Groceries,Milk,2,2005.43,1559.77,445.67
ORD0932,2024-06-17,East,Furniture,Table,7,260.25,158.01,102.24
ORD0933,2024-02-07,South,Furniture,Couch,5,2110.56,1483.83,626.73
ORD0934,2024-02-26,West,Groceries,Oil,5,1511.97,909.75,602.22
ORD0935,2024-09-02,South,Electronics,Laptop,1,1424.9,1161.76,263.15
ORD0936,2024-03-07,West,Electronics,Camera,8,1650.18,974.38,675.8
ORD0937,2024-12-15,South,Groceries,Rice,10,2279.35,1447.99,831.36
ORD0938,2024-07-09,East,Groceries,Rice,4,133.61,87.53,46.08
ORD0939,2024-11-08,South,Clothing,Jacket,4,751.4,426.66,324.75
ORD0940,2024-11-20,South,Clothing,Shoes,4,2130.37,1395.67,734.7
ORD0941,2024-01-29,West,Groceries,Milk,10,127.29,88.25,39.05
ORD0942,2024-11-04,East,Groceries,Snacks,1,763.95,528.63,235.32
ORD0943,2024-09-01,South,Furniture,Chair,1,693.83,443.96,249.87
ORD0944,2024-02-28,East,Groceries,Rice,7,3483.36,1966.44,1516.92
ORD0945,2024-09-13,North,Furniture,Wardrobe,7,2568.65,1765.8,802.85
ORD0946,2024-01-23,South,Electronics,Laptop,9,1605.44,1267.18,338.26
ORD0947,2024-07-28,West,Electronics,Smartwatch,6,2251.27,1360.54,890.73
ORD0948,2024-03-21,North,Electronics,Headphones,2,1848.93,1096.01,752.92
ORD0949,2024-10-20,North,Clothing,Jacket,6,2224.27,1264.85,959.42
ORD0950,2024-03-09,North,Clothing,Dress,8,1734.73,1272.27,462.46
ORD0951,2024-04-29,South,Clothing,Jacket,10,1719.71,1492.11,227.6
ORD0952,2024-05-30,East,Clothing,Shoes,8,1155.91,854.24,301.67
ORD0953,2024-04-16,West,Electronics,Laptop,7,3453.23,1972.6,1480.64
ORD0954,2024-05-27,North,Groceries,Snacks,1,2854.9,1859.24,995.65
ORD0955,2024-02-04,West,Clothing,Shoes,9,786.79,509.65,277.15
ORD0956,2024-01-12,East,Groceries,Pasta,3,2254.26,1960.32,293.94
ORD0957,2024-05-08,North,Groceries,Pasta,2,1941.08,1425.71,515.37
ORD0958,2024-07-04,North,Electronics,Smartwatch,7,1771.42,1200.69,570.73
ORD0959,2024-08-16,West,Clothing,T-Shirt,10,2852.41,1895.14,957.28
ORD0960,2024-02-25,North,Clothing,Jeans,7,1197.19,769.61,427.58
ORD0961,2024-05-23,West,Groceries,Snacks,4,148.32,126.83,21.49
ORD0962,2024-11-04,North,Furniture,Bed,4,1418.91,1101.26,317.65
ORD0963,2024-05-16,South,Furniture,Chair,7,1885.03,1463.71,421.32
ORD0964,2024-04-21,West,Groceries,Oil,4,187.87,106.98,80.88
ORD0965,2024-11-03,North,Furniture,Wardrobe,8,1197.63,990.27,207.35
ORD0966,2024-02-03,South,Furniture,Couch,10,1868.08,1556.46,311.62
ORD0967,2024-03-23,East,Electronics,Smartphone,5,2050.9,1250.28,800.62
ORD0968,2024-05-23,East,Groceries,Rice,4,1499.92,1329.6,170.32
ORD0969,2024-09-03,West,Furniture,Bed,6,1354.18,1104.34,249.84
ORD0970,2024-06-02,South,Clothing,Shoes,3,689.38,440.68,248.7
ORD0971,2024-08-23,East,Electronics,Laptop,7,3519.1,1990.48,1528.62
ORD0972,2024-04-23,South,Furniture,Wardrobe,1,2016.72,1418.37,598.35
ORD0973,2024-09-25,East,Furniture,Wardrobe,8,1088.14,982.33,105.82
ORD0974,2024-04-19,South,Electronics,Headphones,5,1652.34,935.5,716.84
ORD0975,2024-10-29,North,Groceries,Pasta,1,1477.72,1307.32,170.4
ORD0976,2024-02-14,West,Groceries,Oil,8,1195.11,778.91,416.2
ORD0977,2024-11-27,North,Clothing,Dress,3,1556.76,866.53,690.24
ORD0978,2024-11-16,East,Clothing,Jacket,6,2437.93,1954.61,483.32
ORD0979,2024-02-10,West,Groceries,Milk,1,642.72,424.56,218.16
ORD0980,2024-06-09,East,Electronics,Smartphone,4,1281.16,978.75,302.42
ORD0981,2024-04-06,South,Groceries,Oil,4,350.9,209.92,140.98
ORD0982,2024-09-08,West,Clothing,Shoes,5,1795.24,1302.87,492.37
ORD0983,2024-11-24,South,Electronics,Headphones,5,2676.73,1787.35,889.39
ORD0984,2024-11-26,North,Electronics,Smartwatch,5,1367.88,1179.84,188.03
ORD0985,2024-02-05,East,Groceries,Milk,9,726.88,417.06,309.82
ORD0986,2024-06-02,North,Clothing,Shoes,9,2240.09,1833.41,406.69
ORD0987,2024-10-22,West,Furniture,Bed,9,552.96,442.7,110.26
ORD0988,2024-09-28,North,Clothing,Jacket,2,1567.94,1393.51,174.43
ORD0989,2024-02-29,North,Furniture,Wardrobe,7,2232.05,1813.15,418.9
ORD0990,2024-02-14,West,Groceries,Rice,5,149.59,113.93,35.66
ORD0991,2024-10-30,East,Groceries,Pasta,10,1828.4,1428.69,399.71
ORD0992,2024-03-25,North,Furniture,Wardrobe,2,1306.58,1015.79,290.78
ORD0993,2024-09-25,West,Groceries,Rice,3,253.67,169.06,84.61
ORD0994,2024-08-04,West,Furniture,Table,3,162.23,111.07,51.16
ORD0995,2024-09-26,West,Groceries,Pasta,9,2040.11,1524.8,515.31
ORD0996,2024-05-21,West,Groceries,Snacks,7,316.2,194.91,121.28
ORD0997,2024-10-06,East,Clothing,Jeans,8,1434.64,840.27,594.37
ORD0998,2024-05-06,South,Groceries,Oil,7,2305.4,1386.16,919.24
ORD0999,2024-10-10,South,Electronics,Smartphone,3,1074.69,955.09,119.6
ORD1000,2024-11-26,North,Groceries,Milk,10,1579.01,1065.25,513.76
